cid,社名,住所,plan
,株式会社 大翔,351-0031 埼玉県朝霞市宮戸3-5-6,Plus
,千曲ホールディングス 株式会社,340-0802 埼玉県八潮市鶴ケ曽根1370-1,Plus
,株式会社 高岡冷機,768-0067 香川県観音寺市坂本町3-8-30,Plus
,株式会社 善興業,536-0023 大阪府大阪市城東区東中浜1-4-13,Plus
,株式会社 昇龍総建,354-0015 埼玉県富士見市東みずほ台1-2-8-202,Plus
,株式会社 鈴木工務店,299-2117 千葉県安房郡鋸南町勝山353,Plus
,有限会社 日照プラント工業,311-1312 茨城県東茨城郡大洗町神山町1062-1,Plus
,桑路建塗 株式会社,679-2336 兵庫県神崎郡市川町沢115-2,Plus
,株式会社 ホーム住工,041-0806 北海道函館市美原4-2-20,Plus
,日本内装 株式会社,534-0014 大阪府大阪市都島区都島北通2-10-29,Plus
,株式会社 安藤,373-0015 群馬県太田市東新町572,Plus
,株式会社 植田興業,954-0067 新潟県見附市葛巻町1197-1,Plus
,株式会社 フェイス,332-0016 埼玉県川口市幸町3-8-46-801,Plus
,季鋏造園土木,573-1167 大阪府枚方市甲斐田町8-13,Plus
,有限会社 美清園,519-0321 三重県鈴鹿市深溝町1720,Plus
,株式会社 竹内設備管理,251-0037 神奈川県藤沢市鵠沼海岸6-8-27,Plus
,雄英工業 株式会社,640-0112 和歌山県和歌山市西庄214-1,Plus
,株式会社 新和,210-0804 神奈川県川崎市川崎区藤崎1-13-12-303,Plus
,有限会社 小峰電気,190-1221 東京都西多摩郡瑞穂町箱根ケ崎2483,Plus
,株式会社 森田設備,607-8126 京都府京都市山科区大塚元屋敷町62-30,Plus
,株式会社 須崎,336-0021 埼玉県さいたま市南区別所3-13-17,Plus
,有限会社 サワケン,357-0047 埼玉県飯能市落合358,Plus
,株式会社 防災通信工業,277-0863 千葉県柏市豊四季328-10,Plus
,株式会社 アコルデ,259-0131 神奈川県中郡二宮町中里1277-4,Plus
,正和興業 株式会社,111-0023 東京都台東区橋場1-23-10,Plus
,超高圧関東 株式会社,314-0116 茨城県神栖市奥野谷6293-1,Plus
,株式会社 Respace,630-8133 奈良県奈良市大安寺3-11-40-1,Plus
,株式会社 チュウセツシステム,728-0011 広島県三次市十日市西1-3-6,Plus
,有限会社 木村興業,197-0815 東京都あきる野市二宮東1-1-7,Plus
,株式会社 三田組,340-0831 埼玉県八潮市南後谷878-5,Plus
,有限会社 湘技建,251-0004 神奈川県藤沢市藤が岡3-17-13,Plus
,木下建設 株式会社,353-0003 埼玉県志木市下宗岡4-15-24,Plus
,有限会社 進光,321-0158 栃木県宇都宮市西川田本町2-8-4 コーポ玉田 105,Plus
,有限会社 和田設備,351-0115 埼玉県和光市新倉2-9-38 志幸18ミリオン3号,Plus
,株式会社 石倉組,188-0014 東京都西東京市芝久保町4-12-45,Plus
,株式会社 アキト,埼玉県越谷市南越谷4-8-8 かさぷらた303号,Plus
,有限会社 熱田建築,289-3182 千葉県匝瑳市今泉2210,mini
,株式会社 安河内工務店,136-0073 東京都江東区北砂3-6-4,mini
,株式会社 クレバール,370-3517 群馬県高崎市引間町100-1,mini
,株式会社 實川耐工,132-0001 東京都江戸川区新堀2-25-9 ふじコーポ 102号室,mini
,株式会社 CREST工建,589-0022 大阪府大阪狭山市西山台1-7-5,mini
,株式会社 井上技研,120-0002 東京都足立区中川3-14-9,mini
,株式会社 KUROTEC,569-1141 大阪府高槻市氷室町3-19-1,mini
,東北小野冷暖 株式会社,971-8101 福島県いわき市小名浜定西126-3,mini
,有限会社 イマテック,394-0004 長野県岡谷市神明町2-4-25,mini
,株式会社 ライフプラン,514-0008 三重県津市上浜町2-180,mini
,有限会社 藤田工業,290-0202 千葉県市原市福増975-24,mini
,株式会社 ダイシン,270-0011 千葉県松戸市根木内573,mini
,タカミソリューションズ 株式会社,349-1117 埼玉県久喜市南栗橋1-13-3 1F,mini
,株式会社 叶和エクステリア,277-0033 千葉県柏市増尾7-17-5,mini
,株式会社 コアミ計測機,320-0804 栃木県宇都宮市二荒町8-2,mini
,須田山総建,240-0067 神奈川県横浜市保土ケ谷区常盤台30-4,mini
,相澤工業,273-0002 千葉県船橋市東船橋7-9-9 CARRE1 202,mini
,株式会社 HanaTec,595-0007 大阪府泉大津市助松団地3-3,mini
,株式会社 大翔,351-0031 埼玉県朝霞市宮戸3-5-6,mini
,室橋工業 株式会社,940-1149 新潟県長岡市青山新町95,mini
,株式会社 ARS,460-0024 愛知県名古屋市中区正木2 3-55 プレサンスロジェ金山 1202号,mini
,株式会社 CIRCLE one,460-0003 愛知県名古屋市中区錦3-13-5 中央マンションビル 101,mini
,株式会社 大森瓦工事店,321-4216 栃木県芳賀郡益子町塙3215-2,mini
,大橋テクノ 株式会社,173-0033 東京都板橋区大山西町9-8,mini
,株式会社 ネクストワン,372-0037 群馬県伊勢崎市美茂呂町3282-13,mini
,UDA空調システム,兵庫県宍粟市山崎町中野1102-2,mini
,株式会社 AIR WORK,370-3338 群馬県高崎市宮沢町1812-2,mini
,株式会社 オオバ,211-0005 神奈川県川崎市中原区新丸子町712 プランドール 101,mini
,実紀コスミオン 株式会社,534-0023 大阪府大阪市都島区都島南通2-6-18 Mビル 2F,mini
,株式会社 永浩建設,985-0851 宮城県多賀城市南宮字伊勢225-8,mini
,株式会社 鎌田鈑金工業,028-3204 岩手県花巻市大迫町亀ケ森第6地割7-1,mini
,吉田土建 株式会社,624-0951 京都府舞鶴市上福井581,mini
,株式会社 LeaLead,450-6490 愛知県名古屋市中村区名駅3-28-12 大名古屋ビルヂング 11F,mini
,株式会社 山本工業,747-0822 山口県防府市勝間3-6-37,mini
,株式会社 Real,326-0831 栃木県足利市堀込町1669-3,mini
,有限会社 三石運輸,705-0132 岡山県備前市三石1229-1,mini
,有限会社 山内組,709-0412 岡山県和気郡和気町藤野1282,mini
,株式会社 イーグルハウス,252-1104 神奈川県綾瀬市大上8-19-6,mini
,株式会社 アスミル工務店,530-0043 大阪府大阪市北区天満2-1-24-901,mini
,株式会社 オーラクリエイト,960-0102 福島県福島市鎌田字樋懸11,mini
,株式会社 キリヤ工業,245-0015 神奈川県横浜市泉区中田西4-2-22,mini
,株式会社 一成工業,710-0034 岡山県倉敷市粒江858-2-1,mini
,有限会社 アーキテリア,371-0857 群馬県前橋市高井町1-25-22,mini
,千曲ホールディングス 株式会社,340-0802 埼玉県八潮市鶴ケ曽根1370-1,mini
,株式会社 乾建設,518-0835 三重県伊賀市緑ケ丘南町4011-1,mini
,株式会社 高岡冷機,768-0067 香川県観音寺市坂本町3-8-30,mini
,株式会社 湘南レインボーサービス,253-0018 神奈川県茅ヶ崎市室田1-2-8 アーバン・ステイ茅ヶ崎 204,mini
,株式会社 善興業,536-0023 大阪府大阪市城東区東中浜1-4-13,mini
,株式会社 奏美社,870-0843 大分県大分市元町3-3 Comfort.BLD元町 103,mini
,株式会社 昇龍総建,354-0015 埼玉県富士見市東みずほ台1-2-8-202,mini
,株式会社 鈴木工務店,299-2117 千葉県安房郡鋸南町勝山353,mini
,合同会社 RKO,240-0011 神奈川県横浜市保土ケ谷区桜ケ丘1-15-3,mini
,えすず 株式会社,470-0371 愛知県豊田市御船町山屋敷89-30,mini
,トキハ工務店,639-1042 奈良県大和郡山市小泉町881-37,mini
,山根法律会計事務所,723-0016 広島県三原市宮沖4-10-6,mini
,ミツワ創建,610-0361 京都府京田辺市河原平田13-72,mini
,株式会社 Air Link,421-0215 静岡県焼津市西島345-4,mini
,有限会社 館造園,512-0902 三重県四日市市小杉町624-4,mini
,有限会社 希輝電工,981-3137 宮城県仙台市泉区大沢2-2-3,mini
,株式会社 リアライズ,214-0023 神奈川県川崎市多摩区長尾3-1-4 スズミハイツ 203,mini
,株式会社 寺本建設,747-0055 山口県防府市中泉町9-20,mini
,建築家,849-1312 佐賀県鹿島市納富分4178-2,mini
,株式会社 吉川設備,252-0023 神奈川県座間市立野台3-30-15,mini
,アシスト 株式会社,113-0001 東京都文京区白山1-33-18 白山NTビル 9F,mini
,有限会社 タクト,250-0862 神奈川県小田原市成田197-1,mini
,藤型枠工業,124-0001 東京都葛飾区小菅3-7-6,mini
,株式会社 大橋工務店,270-0222 千葉県野田市木間ケ瀬3646-2,mini
,株式会社 OGA建築設計,183-0021 東京都府中市片町2-24-2 レジデンスh&k302,mini
,株式会社 イナケン,481-0045 愛知県北名古屋市中之郷諏訪65,mini
,株式会社 Sephirah,242-0011 神奈川県大和市深見3929-10,mini
,株式会社 晃進,372-0012 群馬県伊勢崎市豊城町2098-7,mini
,株式会社 貴修,292-0038 千葉県木更津市ほたる野4-26-1,mini
,中西ブロック 株式会社,157-0065 東京都世田谷区上祖師谷6-2-3,mini
,しもつけ設備 株式会社,栃木県下野市仁良川1571-45 52街区17,mini
,杉山工業,250-0136 神奈川県南足柄市矢倉沢1311,mini
,株式会社 東誠,425-0081 静岡県焼津市大栄町1-8-13,mini
,株式会社 SOLTEC,274-0804 千葉県船橋市みやぎ台3-4-4,mini
,有限会社 栗本商会,490-1144 愛知県海部郡大治町大字西條南屋敷41-4,mini
,古矢鉄骨工事 株式会社,270-0157 千葉県流山市平和台2-13-13 流山パークハイツ 210,mini
,藤高電機 株式会社,550-0023 大阪府大阪市西区千代崎1-8-14,mini
,有限会社 クライム,732-0066 広島県広島市東区牛田本町1-8-21,mini
,有限会社 三友緑化,135-0042 東京都江東区木場2-2-10 浅野ハイツ 405,mini
,株式会社 樹エクステリア工業,183-0013 東京都府中市小柳町2-44-8,mini
,株式会社 JONARI,227-0036 神奈川県横浜市青葉区奈良町2533-37 ビラ玉川学園台 302,mini
,株式会社 ワイズテクニカルサービス,158-0086 東京都世田谷区尾山台3-9-3,mini
,有限会社 日照プラント工業,311-1312 茨城県東茨城郡大洗町神山町1062-1,mini
,竹内エンジニアリング工業 有限会社,123-0864 東京都足立区鹿浜2-2-15,mini
,株式会社 大和,272-0004 千葉県市川市原木4-15-13,mini
,株式会社 巴工業,329-0417 栃木県下野市国分寺1442,mini
,桑路建塗 株式会社,679-2336 兵庫県神崎郡市川町沢115-2,mini
,有限会社 𠮷澤左官工業,208-0004 東京都武蔵村山市本町2-126-1,mini
,ZERO ENTERPRISE,496-0014 愛知県津島市金柳町字北脇104,mini
,株式会社 林工業所,649-6122 和歌山県紀の川市桃山町元409-4,mini
,株式会社 Repros,561-0891 大阪府豊中市走井1-12-22,mini
,株式会社 ハーツフィールド,231-0015 神奈川県横浜市中区尾上町3-39 尾上町ビル 5F,mini
,株式会社 ホーム住工,041-0806 北海道函館市美原4-2-20,mini
,浅井造園,470-2216 愛知県知多郡阿久比町大字植大字北後15-1,mini
,神奈川中央建設 有限会社,242-0006 神奈川県大和市南林間6-24-13,mini
,日本内装 株式会社,534-0014 大阪府大阪市都島区都島北通2-10-29,mini
,株式会社 安藤,373-0015 群馬県太田市東新町572,mini
,プラミング設備 合同会社,486-0825 愛知県春日井市中央通2-61 プリンスハイツ中央通 1003,mini
,有限会社 LECソリューション,950-0951 新潟県新潟市中央区鳥屋野292-1,mini
,株式会社 植田興業,954-0067 新潟県見附市葛巻町1197-1,mini
,株式会社 K&H,246-0023 神奈川県横浜市瀬谷区阿久和東4-34-6,mini
,株式会社 シアンドエフ,732-0053 広島県広島市若草町6-14 第2新原ビル 1F,mini
,マルト技建 株式会社,957-0105 新潟県北蒲原郡聖籠町大字次第浜上昌蒲潟1812-32,mini
,創庭,286-0117 千葉県成田市三里塚光ケ丘1-395,mini
,株式会社 MASA1 GROUP・湯澤コーポレーション,241-0022 神奈川県横浜市旭区鶴ケ峰2-10-36,mini
,株式会社 創和,252-0137 神奈川県相模原市緑区二本松1-37-11,mini
,株式会社 スタイル,981-2131 宮城県伊具郡丸森町銀杏21-1,mini
,株式会社 フェイス,332-0016 埼玉県川口市幸町3-8-46-801,mini
,株式会社 吉見スレート工業,355-0132 埼玉県比企郡吉見町飯島新田675-1,mini
,松田建設,300-0005 茨城県土浦市中貫1455-1,mini
,株式会社 秀栄基礎,672-8064 兵庫県姫路市飾磨区細江778-A,mini
,株式会社 ウッドフレーム,359-0045 埼玉県所沢市美原町3-2961-26,mini
,森山建設 株式会社,210-0021 神奈川県川崎市川崎区元木1-12-2,mini
,奥崎工業 株式会社,174-0063 東京都板橋区前野町6-62-14,mini
,株式会社 K・D・K,487-0033 愛知県春日井市岩成台9-4-19,mini
,株式会社 北心電工,329-2733 栃木県那須塩原市二区町401-22,mini
,株式会社 石原建設,373-0018 群馬県太田市丸山町48,mini
,株式会社 アマデン工業,728-0023 広島県三次市東酒屋町1123-5,mini
,株式会社 STRUCTURE A.I.,330-9501 埼玉県さいたま市大宮区桜木町2-3 大宮マルイ 7F,mini
,株式会社 誠電設,283-0116 千葉県山武郡九十九里町西野423,mini
,株式会社 髙橋設備,343-0046 埼玉県越谷市弥栄町1-195-164,mini
,有限会社 若槻工業,950-0004 新潟県新潟市東区新川町184,mini
,株式会社 タキノ組,620-0061 京都府福知山市荒河東町115-1,mini
,有限会社 山本住設,202-0012 東京都西東京市東町4-7-25,mini
,季鋏造園土木,573-1167 大阪府枚方市甲斐田町8-13,mini
,坂田設備,663-8141 兵庫県西宮市高須町1-1-17-206,mini
,withHOME Chiba 株式会社,264-0026 千葉県千葉市若葉区西都賀1-21-8 杉山ビル 1F,mini
,トライハウジング,234-0051 神奈川県横浜市港南区港南台日野7-4-32,mini
,有限会社 矢田部美装工社,329-1231 栃木県塩谷郡高根沢町宝石台5-14-5,mini
,株式会社 谷山工業,663-8181 兵庫県西宮市若草町2-13-7-207,mini
,有限会社 スタッフ.M,埼玉県さいたま市岩槻区真福寺366-2,mini
,有限会社 美清園,519-0321 三重県鈴鹿市深溝町1720,mini
,有限会社 久保技建,334-0061 埼玉県川口市新堀765-1,mini
,株式会社 竹内設備管理,251-0037 神奈川県藤沢市鵠沼海岸6-8-27,mini
,雄英工業 株式会社,640-0112 和歌山県和歌山市西庄214-1,mini
,木下工業 株式会社,672-8093 兵庫県姫路市飾磨区矢倉町1-58,mini
,清水トーヨー住器 有限会社,370-3574 群馬県前橋市清野町160-1,mini
,株式会社 新和,210-0804 神奈川県川崎市川崎区藤崎1-13-12-303,mini
,株式会社 清和電気設備,376-0002 群馬県桐生市境野町7-1801-1,mini
,株式会社 OKUTSU技建,252-0802 神奈川県藤沢市下土棚230-1 ガーデンヒルズ湘南台J棟 3号室,mini
,株式会社 文太郎,611-0015 京都府宇治市志津川南組49-2,mini
,有限会社 志賀設備工業,960-0631 福島県伊達市保原町中瀬字畑合67-4,mini
,株式会社 坂平組,601-8175 京都府京都市南区上鳥羽金仏37,mini
,株式会社 TKY,661-0951 兵庫県尼崎市田能4-11-38,mini
,有限会社 KAJINO電設,606-0966 京都府京都市松ケ崎正田町22-26,mini
,株式会社 マキタ建工,607-8142 京都府京都市山科区東野中井ノ上町11-44,mini
,株式会社 吉永建設,640-8305 和歌山県和歌山市栗栖23-3,mini
,有限会社 作田工電社,243-0806 神奈川県厚木市下依知3-15-14,mini
,高木工業所 有限会社,302-0117 茨城県守谷市野木崎396,mini
,株式会社 色川電気工事,349-0202 埼玉県白岡市荒井新田867-6,mini
,有限会社 小峰電気,190-1221 東京都西多摩郡瑞穂町箱根ケ崎2483,mini
,株式会社 スキル,125-0052 東京都葛飾区柴又5-45-4,mini
,株式会社 作楽,468-0023 愛知県名古屋市天白区御前場町190,mini
,株式会社 森田設備,607-8126 京都府京都市山科区大塚元屋敷町62-30,mini
,株式会社 マルヒロ,510-1251 三重県三重郡菰野町大字千草2539,mini
,株式会社 島田工業,675-0045 兵庫県加古川市西神吉町岸819-4,mini
,有限会社 一新工業,459-8001 愛知県名古屋市緑区富貴ノ台32-1,mini
,株式会社 須崎,336-0021 埼玉県さいたま市南区別所3-13-17,mini
,株式会社 山下工業,652-0035 兵庫県神戸市兵庫区西多聞通1-3-32 FKビル 2F,mini
,ツカサスペース 株式会社,481-0001 愛知県北名古屋市六ツ師道毛9-2,mini
,株式会社 ガイアワーク,463-0035 愛知県名古屋市守山区森孝1-104 初ビル 1F,mini
,曽根板金工業 株式会社,116-0001 東京都荒川区町屋8-7-12,mini
,株式会社 誠起,636-0822 奈良県生駒郡三郷町立野南2-1-5,mini
,有限会社 高木工業,940-2114 新潟県長岡市北山4-66-12,mini
,有限会社 サワケン,357-0047 埼玉県飯能市落合358,mini
,有限会社 丸山木工所,389-0111 長野県北佐久郡軽井沢町大字長倉889-2,mini
,株式会社 エムテック,563-0213 大阪府豊能郡豊能町切畑1293,mini
,株式会社 エスプラントサービス,593-8323 大阪府堺市西区鶴田町30-27 Adito A号室,mini
,有限会社 千城管工,263-0021 千葉県千葉市稲毛区轟町1-4-14,mini
,成輝工業 株式会社,314-0115 茨城県神栖市知手3681-5,mini
,株式会社 MSK工業,371-0821 群馬県前橋市上新田町497-10,mini
,有限会社 松山建具,428-0301 静岡県榛原郡川根本町徳山1503-3,mini
,株式会社 防災通信工業,277-0863 千葉県柏市豊四季328-10,mini
,有限会社 吉田花木,438-0804 静岡県磐田市加茂65,mini
,株式会社 CRAFT,354-0041 埼玉県入間郡三芳町藤久保333-10,mini
,株式会社 レンジャー住設,770-8075 徳島県徳島市八万町千鳥57-3,mini
,株式会社 アコルデ,259-0131 神奈川県中郡二宮町中里1277-4,mini
,葵建設 株式会社,132-0025 東京都江戸川区松江2-40-5 コスモ新小岩プレミール 302号室,mini
,有限会社 ミツワ,315-0016 茨城県石岡市総社1-1-32,mini
,有限会社 ミナモト電気工事,799-2456 愛媛県松山市本谷甲75-1,mini
,有限会社 泉型枠工業,343-0111 埼玉県北葛飾郡松伏町松伏2173-8,mini
,株式会社 向日葵興業,399-4101 長野県駒ヶ根市下平667-33,mini
,有限会社 シンテック,670-0952 兵庫県姫路市南条1-38,mini
,セフテイライン 株式会社,983-0004 宮城県仙台市宮城野区岡田西町1-1,mini
,正和興業 株式会社,111-0023 東京都台東区橋場1-23-10,mini
,株式会社 タイコーエンジニアリング,579-8003 大阪府東大阪市日下町5-7-14,mini
,有限会社 山田設備工業,811-2123 福岡県糟屋郡宇美町光正寺3-9-18,mini
,有限会社 愛和商会,476-0002 愛知県東海市名和町一番割上12-3,mini
,株式会社 ライフラインコネクト,849-0919 佐賀県佐賀市兵庫北2-10-3,mini
,株式会社 ミライズ,190-0022 東京都立川市錦町2-12-21 イートス立川 104,mini
,株式会社 阿部工務店,990-1552 山形県西村山郡朝日町大字常盤い3-5,mini
,株式会社 今村建設,861-3921 熊本県上益城郡山都町八木683,mini
,有限会社 熱海防水,981-0507 宮城県東松島市みそら2-6-4,mini
,エムズフリーク 株式会社,277-0861 千葉県柏市高田647-2,mini
,知久工務店,232-0052 神奈川県横浜市南区井土ケ谷中町46,mini
,有限会社 福田工務店,352-0031 埼玉県新座市西堀1-6-36,mini
,株式会社 クラタ・テクノシステム,179-0075 東京都練馬区高松4-21-17,mini
,超高圧関東 株式会社,314-0116 茨城県神栖市奥野谷6293-1,mini
,株式会社 SIGLA,176-0021 東京都練馬区貫井3-26-10,mini
,株式会社 創建,547-0035 大阪府大阪市平野区西脇4-6-8,mini
,有限会社 竹内エンジニアリング工業,370-0015 群馬県高崎市島野町1044-4,mini
,笹電 株式会社,553-0006 大阪府大阪市福島区吉野4-22-4,mini
,株式会社 YFP,242-0029 神奈川県大和市上草柳2-13-9,mini
,株式会社 YES,510-0257 三重県鈴鹿市東磯山1-32-3,mini
,株式会社 光興業,289-2306 千葉県香取郡多古町十余三369-43,mini
,株式会社 秋山工業,424-0052 静岡県静岡市清水区北脇386-6,mini
,株式会社 秋山工務店,310-0903 茨城県水戸市堀町1108-8,mini
,有限会社 インフ電装,437-1124 静岡県袋井市富里588-1,mini
,株式会社 安部ブロック,972-8324 福島県いわき市桜ケ丘2-84,mini
,株式会社 窪治組,179-0076 東京都練馬区土支田4-12-22,mini
,株式会社 HK-プランニング,755-0061 山口県宇部市若松町5-24 ハーバード・アイビー・スクエア 2F,mini
,さくら 株式会社,985-0823 宮城県宮城郡七ヶ浜町遠山1-8-34,mini
,株式会社 Respace,630-8133 奈良県奈良市大安寺3-11-40-1,mini
,株式会社 龍美,675-1105 兵庫県加古郡稲美町加古1812-9,mini
,白井工業 株式会社,285-0913 千葉県印旛郡酒々井町墨68,mini
,株式会社 SK仮設,515-2107 三重県松阪市舞出町223-4,mini
,有限会社 クボタ創建,834-0122 福岡県八女郡広川町大字一條753,mini
,株式会社 チュウセツシステム,728-0011 広島県三次市十日市西1-3-6,mini
,阿部電設工業 株式会社,290-0059 千葉県市原市白金町4-59-4,mini
,理建工業 株式会社,047-0261 北海道小樽市銭函3-515,mini
,株式会社 サンエー,336-0911 埼玉県さいたま市緑区三室935-1,mini
,株式会社 M'sNET,811-2207 福岡県糟屋郡志免町南里7-2-5,mini
,株式会社 K2,190-1212 東京都西多摩郡瑞穂町殿ケ谷793-1 プレミールB-1,mini
,株式会社 ESP,731-5101 広島県広島市佐伯区五月が丘5-3-13,mini
,有限会社 伊東工業,003-0859 北海道札幌市白石区川北2248-2,mini
,有限会社 山本工業,678-0255 兵庫県赤穂市新田1196-5,mini
,美和建設 株式会社,421-2114 静岡県静岡市葵区安倍口新田145-5,mini
,株式会社 オクテック,583-0865 大阪府羽曳野市羽曳が丘西2-2-24,mini
,巧光工業 株式会社,731-0135 広島県広島市安佐南区長束1-21-26,mini
,株式会社 DecoTech,651-2144 兵庫県神戸市西区玉津町小山590,mini
,有限会社 木村興業,197-0815 東京都あきる野市二宮東1-1-7,mini
,株式会社 三田組,340-0831 埼玉県八潮市南後谷878-5,mini
,中村工務所,966-0086 福島県喜多方市字西四ツ谷138,mini
,株式会社 柿崎創業,270-2241 千葉県松戸市松戸新田446-18 サンウィッシュ 201,mini
,高野建設 株式会社,729-0417 広島県三原市本郷南4-16-3,mini
,早坂建設 有限会社,709-0632 岡山県岡山市東区南古都514-2,mini
,株式会社 弘和,299-0245 千葉県袖ヶ浦市蔵波台4-4-5,mini
,有限会社 谷口建設,981-0121 宮城県宮城郡利府町神谷沢字化粧坂10-5,mini
,株式会社 ライフ,241-0816 神奈川県横浜市旭区笹野台4-65-16,mini
,有限会社 ヤマト建設,830-0033 福岡県久留米市天神町101,mini
,株式会社 三協,220-0023 神奈川県横浜市西区平沼2-7-23,mini
,有限会社 カインド,240-0101 神奈川県横須賀市長坂4-8-21,mini
,有限会社 湘技建,251-0004 神奈川県藤沢市藤が岡3-17-13,mini
,株式会社 ジー・オフィス,616-8223 京都府京都市右京区常盤西町1-1,mini
,有限会社 大内工務店,212-0011 神奈川県川崎市幸区幸町4-15メゾンYN103,mini
,木下建設 株式会社,353-0003 埼玉県志木市下宗岡4-15-24,mini
,久保田興業 株式会社,366-0811 埼玉県深谷市人見53-2,mini
,株式会社 宝桜,814-0161 福岡県福岡市早良区飯倉4-20-3 飯倉ガーデンハイツ1,mini
,有限会社 大和技建,453-0813 愛知県名古屋市中村区二ツ橋町3-32-1,mini
,有限会社 水野工業,452-0008 愛知県清須市西枇杷島町地領1-11-4,mini
,有限会社 進光,321-0158 栃木県宇都宮市西川田本町2-8-4 コーポ玉田 105,mini
,東武建設 株式会社,321-2411 栃木県日光市大桑町138,mini
,有限会社 ほり川防災工業,521-0004 滋賀県米原市磯1454,mini
,株式会社 イデアコンストラクション,101-0052 東京都千代田区神田小川町2-10 第二木津ビル 301,mini
,有限会社 戸田木材,468-0006 愛知県名古屋市天白区植田東3-1424,mini
,株式会社 村上組,830-0051 福岡県久留米市南3-18-11,mini
,株式会社 斉藤組,414-0001 静岡県伊東市宇佐美1842,mini
,フジタ設備,635-0821 奈良県北葛城郡広陵町笠15-15,mini
,株式会社 創和,252-0804 神奈川県藤沢市湘南台6-4-1,mini
,株式会社 アクアテック,226-0003 神奈川県横浜市緑区鴨居7-1-25 アクアテックビル 2F,mini
,光塗装,673-0876 兵庫県明石市東人丸町25-12,mini
,株式会社 村正建設,989-0231 宮城県白石市福岡蔵本19-10,mini
,株式会社 国広建設,811-4213 福岡県遠賀郡岡垣町大字糠塚525,mini
,HOH Workshop,248-0003 神奈川県鎌倉市浄明寺4-9-2,mini
,壱建 株式会社,277-0063 千葉県柏市西山1-8-7,mini
,有限会社 吉田工務店,526-0031 滋賀県長浜市八幡東町110-2,mini
,佐藤塗装店,319-1117 茨城県那珂郡東海村東海1-1-38,mini
,KOTOBUKI 株式会社,260-0822 千葉県千葉市中央区蘇我3-32-33,mini
,友伸 株式会社,241-0812 神奈川県横浜市旭区金が谷485-1,mini
,株式会社 清建,454-0982 愛知県名古屋市中川区西伏屋3-704-5,mini
,株式会社 ディー・インプレス,533-0033 大阪府大阪市東淀川区東中島2-14-6,mini
,株式会社 サンケイホーム,233-0016 神奈川県横浜市港南区下永谷6-4-37,mini
,オーミケンソウ 株式会社,556-0016 大阪府大阪市浪速区元町2-13-36 403,mini
,有限会社 加藤建築,359-1165 埼玉県所沢市堀之内673-2,mini
,TM.works,300-1161 茨城県稲敷郡阿見町よしわら2-2-9,mini
,有限会社 アクア設備工業,352-0011 埼玉県新座市野火止6-15-9,mini
,有限会社 岩本商事,352-0023 埼玉県新座市堀ノ内3-7-32,mini
,株式会社 山本工務店,675-2323 兵庫県加西市北条町西南55,mini
,株式会社 タクト,370-1116 群馬県佐波郡玉村町大字飯倉149-1,mini
,有限会社 橋本建設,869-1404 熊本県阿蘇郡南阿蘇村大字河陽5371-5,mini
,株式会社 スチール工業,350-0158 埼玉県比企郡川島町大字伊草284-4,mini
,株式会社 前田工業,577-0067 大阪府東大阪市高井田西1-3-35,mini
,株式会社  J・A・C,225-0022 神奈川県横浜市青葉区黒須田24-19,mini
,株式会社 ウォーターライフ,950-2033 新潟県新潟市西区亀貝3371 KAMEGAI BASE 2F,mini
,有限会社 万手,581-0088 大阪府八尾市松山町2-10-13,mini
,株式会社 林工業所,791-8017 愛媛県松山市西長戸町95,mini
,株式会社 伊藤鉄工所,288-0035 千葉県銚子市名洗町1884,mini
,株式会社 エクステージ,720-0831 広島県福山市草戸町5-3-16,mini
,朋和設備工業 株式会社,462-0835 愛知県名古屋市北区杉村1-248,mini
,株式会社 プラスワン,335-0034 埼玉県戸田市笹目5-27-23,mini
,株式会社 クミショウ,370-0321 群馬県太田市新田木崎町525-25 エクセル本陣202,mini
,株式会社 エイト,580-0024 大阪府松原市東新町3-5-17-1415,mini
,株式会社 アクトワン建装,591-8001 大阪府堺市北区常磐町1-15-20,mini
,有限会社 三浦工業所,238-0103 神奈川県三浦市南下浦町金田46,mini
,株式会社 本名設備,285-0844 千葉県佐倉市上志津原125-9,mini
,ブリッジ 株式会社,451-0025 愛知県名古屋市西区上名古屋4-6-30,mini
,株式会社 ゆう建築工房,567-0894 大阪府茨木市若園町1-26,mini
,株式会社 エムシー,811-1101 福岡県福岡市早良区重留1-3-42,mini
,南信建設 株式会社,177-0032 東京都練馬区谷原1-13-9,mini
,石本鉄筋,657-0016 兵庫県神戸市灘区篠原台22-2,mini
,株式会社 ベルウッドコーポレーション,372-0801 群馬県伊勢崎市宮子町3601-3,mini
,龍建設 株式会社,648-0101 和歌山県伊都郡九度山町大字九度山664-2,mini
,袋井設備 株式会社,437-0026 静岡県袋井市袋井313-4,mini
,有限会社 斉藤基礎興業,420-0813 静岡県静岡市葵区長沼553-1,mini
,株式会社 五十嵐板金,950-3341 新潟県新潟市北区川西1-16-2,mini
,株式会社 宗和建設,347-0014 埼玉県加須市川口2-13-7,mini
,株式会社 二階堂工務店,535-0005 大阪府大阪市旭区赤川2-13の3,mini
,有限会社 和田設備,351-0115 埼玉県和光市新倉2-9-38 志幸18ミリオン3号,mini
,東和工業 株式会社,975-0038 福島県南相馬市原町区日の出町547,mini
,株式会社 櫻井工業,299-0118 千葉県市原市椎津830-4,mini
,有限会社 長屋機工,452-0841 愛知県名古屋市西区城西町227-,mini
,K'z works,456-0023 愛知県名古屋市熱田区六野2-6 神宮東パークハイツ 25棟1203,mini
,有限会社 トミケン,742-0413 山口県岩国市周東町上久原2425,mini
,株式会社 シスコム,670-0836 兵庫県姫路市神屋町4-95,mini
,株式会社 テクノシステム,東京都台東区台東3-8-12,mini
,大明建設,802-0972 福岡県北九州市小倉南区守恒5-9-6,mini
,株式会社 ケンテックプラス,020-0853 岩手県盛岡市下飯岡11地割303,mini
,有限会社 松島工業,363-0027 埼玉県上尾市浅間台3-21-57,mini
,有限会社 古川工務店,601-8475 京都府京都市南区八条内田町93-6,mini
,株式会社 早川建設,024-0084 岩手県北上市さくら通り2-6-20,mini
,有限会社 共和シール,181-0004 東京都三鷹市新川1-4-11,mini
,株式会社 住宅設備,埼玉県さいたま市中央区八王子4-5-9 2F,mini
,久保総合商店,866-0814 熊本県八代市東片町385,mini
,株式会社 SKS,226-0022 神奈川県横浜市緑区青砥町1057 コーポ園青砥105,mini
,株式会社 石倉組,188-0014 東京都西東京市芝久保町4-12-45,mini
,佐藤工業,066-0034 北海道千歳市富丘1-12-4 昭広ハイツ203,mini
,株式会社 秀成,712-8055 岡山県倉敷市南畝3-1-11,mini
,有限会社 ケイ・エス工業,532-0004 大阪府大阪市淀川区西宮原2-5-46 306,mini
,創和ガーデン 株式会社,234-0052 神奈川県横浜市港南区笹下1-2-17-2F,mini
,有限会社 大邦設備工業,192-0362 東京都八王子市松木13-19,mini
,株式会社 山内総業,501-6031 岐阜県羽島郡笠松町米野781-29,mini
,株式会社 アキト,埼玉県越谷市南越谷4-8-8 かさぷらた303号,mini
,エス・ジー・ピー,360-0833 埼玉県熊谷市広瀬61-1,mini
,石井塗装,352-0011 埼玉県新座市野火止4-8-28,mini
,株式会社 ジーテック,708-0814 岡山県津山市東一宮26-10,mini
,株式会社 六甲グリーン,652-0895 兵庫県神戸市兵庫区小河通2-2-5,mini
,株式会社 玄能,177-0033 東京都練馬区高野台3-4-2,mini
,笹田建設 株式会社,779-3223 徳島県名西郡石井町高川原高川原273-1,mini
,KRM 株式会社,157-0061 東京都世田谷区北烏山6-26-28,mini
,秀和建設 株式会社,963-4312 福島県田村市船引町船引字安久津58,mini
,有限会社 グラスアートK'S,123-0864 東京都足立区鹿浜5-21-5,mini
,kakibou 株式会社,大阪府東大阪市川中2-24,mini
,松本建築 株式会社,243-0803 神奈川県厚木市山際592-3,mini
,瀬戸井石材,308-0112 茨城県筑西市藤ケ谷2438-3,mini
,株式会社 翼テクニクス,510-0845 三重県四日市市海山道町3-17,mini
,有限会社 The Plough,984-0032 宮城県仙台市若林区荒井2-6-23,mini
,株式会社 三協住設,988-0025 宮城県気仙沼市内の脇1-15-9,mini
,有限会社 佐伯鉄筋工業所,214-0006 神奈川県川崎市多摩区菅仙谷1-1-15,mini
,門前組,532-0012 大阪府大阪市淀川区木川東1-10-22 新大阪ファミール東館406,mini
,株式会社 カズデン,神奈川県相模原市中央区上溝1645-2,mini
,株式会社 ケーアイ工業,501-0231 岐阜県瑞穂市野白新田78-2,mini
,株式会社 エイテック,577-0056 大阪府東大阪市長堂1-7-10,mini
,有限会社 メイク,811-2411 福岡県糟屋郡篠栗町大字若杉1038-1,mini
,ライフテック 株式会社,300-0048 茨城県土浦市田中3-8-3,mini
,有限会社 東海石綿,501-6104 岐阜県岐阜市柳津町本郷3-37,mini
,柴田建築 株式会社,950-1144 新潟県新潟市江南区祖父興野334,mini
,株式会社 英,175-0083 東京都板橋区徳丸8-19-15,mini
,有限会社 西塚建設,050-0064 北海道室蘭市柏木町55-4,mini
,株式会社 エーコー設備,613-0045 京都府久世郡久御山町北川顔表畑4,mini
,株式会社 セントラル設備,965-0813 福島県会津若松市東山町大字石山字天寧55-12,mini
,有限会社 心和建設,350-0846 埼玉県川越市中老袋107,mini
,株式会社 環境サービス,263-0002 千葉県千葉市稲毛区山王町1-45,mini
,ライフテック 株式会社,321-0225 栃木県下都賀郡壬生町本丸2-8-10,mini
,セトハラ 株式会社,山口県宇部市善和1359-2,mini
,株式会社 志賀ダクト,257-0031 神奈川県秦野市曽屋876-1,mini
,株式会社 森銘木店,003-0834 北海道札幌市白石区北郷4条11-5-4,mini
,伏見工業,,mini
,株式会社 天雀,189-0025 東京都東村山市廻田町1-11-37,mini
,株式会社 山本製作所,648-0083 和歌山県橋本市出塔357-1,mini
,生野電気 株式会社,627-0042 京都府京丹後市峰山町長岡530-1,mini
,株式会社 ナカセツ,308-0051 茨城県筑西市岡芹957,mini
,有限会社 大高工業,299-4503 千葉県いすみ市岬町和泉3482,mini
,株式会社 SHINEI,458-0003 愛知県名古屋市緑区黒沢台1丁目1517,mini
,株式会社 創建,070-0877 北海道旭川市春光7条3-3-9,mini
,株式会社 加藤重建,989-6803 宮城県大崎市鳴子温泉大畑24-1,mini
